{
"lengthUnit": "mil",
"components": {
	"fields": ["COMPONENT_NO", "COMPONENT_NAME", "LAYER", "X_COORDINATE", "Y_COORDINATE", "ANGLE"],
	"rows": [
		[1, "C1", "T", 1035, -295, 0],
		[2, "C2", "T", 855, -870, 90],
		[3, "C3", "B", 1310, -895, 90],
		[4, "C4", "B", 877.07, -880, 90],
		[5, "C5", "B", 1160, -170, 0],
		[6, "C6", "B", 1280, -140, 270],
		[7, "D1", "T", 675, -885, 180],
		[8, "D2", "B", 1850, -825, 270],
		[9, "D3", "B", 1845, -265, 270],
		[10, "J1", "T", 470, -130, 180],
		[11, "Q1", "B", 1685, -910, 0],
		[12, "Q2", "B", 1680, -350, 0],
		[13, "R1", "B", 1700, -240, 0],
		[14, "R2", "B", 1695, -450, 180],
		[15, "R3", "B", 1705, -805, 0],
		[16, "R4", "B", 1700, -1015, 180],
		[17, "R5", "T", 745, -635, 0],
		[18, "R6", "T", 780, -700, 0],
		[19, "RLY1", "T", 1730, -270, 180],
		[20, "RLY2", "T", 1730, -830, 180],
		[21, "U1", "T", 1035, -530, 0],
		[22, "U2", "B", 1205, -380, 180],
		[23, "U3", "T", 995, -905, 180],
		[24, "U4", "B", 1180, -940, 0],
		[25, "U5", "B", 717.07, -935, 0],
		[26, "U6", "T", 485, -560, 270]
	]
},
"pins": {
	"fields": ["PIN_NO", "PIN_NAME", "PIN_X", "PIN_Y", "LAYER", "PIN_TYPE", "NET_NAME", "NET_TYPE", "PAD_SHAPE", "PAD_SIZEX", "PAD_SIZEY", "HOLE_SIZE", "PAD_ANGLE"],
	"rows": [
		[1, "C1_1", 1013.54, -295, "T", "SMD", "GND", "GND", "R", 31.11, 21.26, 0, 0],
		[2, "C1_2", 1056.46, -295, "T", "SMD", "$1N13683", "", "R", 31.11, 21.26, 0, 0],
		[3, "C2_1", 855, -897.56, "T", "SMD", "+5V", "", "R", 31.5, 35.43, 0, 90],
		[4, "C2_2", 855, -842.44, "T", "SMD", "GND", "GND", "R", 31.5, 35.43, 0, 90],
		[5, "C3_1", 1310, -922.56, "B", "SMD", "D2", "", "R", 31.5, 35.43, 0, 90],
		[6, "C3_2", 1310, -867.44, "B", "SMD", "GND", "GND", "R", 31.5, 35.43, 0, 90],
		[7, "C4_1", 877.07, -907.56, "B", "SMD", "D3", "", "R", 31.5, 35.43, 0, 90],
		[8, "C4_2", 877.07, -852.44, "B", "SMD", "GND", "GND", "R", 31.5, 35.43, 0, 90],
		[9, "C5_1", 1138.54, -170, "B", "SMD", "GND", "GND", "R", 31.11, 21.26, 0, 0],
		[10, "C5_2", 1181.46, -170, "B", "SMD", "$1N6487", "", "R", 31.11, 21.26, 0, 0],
		[11, "C6_1", 1280, -118.54, "B", "SMD", "GND", "GND", "R", 31.11, 21.26, 0, 270],
		[12, "C6_2", 1280, -161.46, "B", "SMD", "+5V", "", "R", 31.11, 21.26, 0, 270],
		[13, "D1_1", 761.32, -885, "T", "SMD", "$1N10745", "", "R", 70.87, 66.93, 0, 180],
		[14, "D1_2", 588.68, -885, "T", "SMD", "VCC", "", "R", 70.87, 66.93, 0, 180],
		[15, "D2_1", 1850, -738.68, "B", "SMD", "VCCOUT", "", "R", 70.87, 66.93, 0, 270],
		[16, "D2_2", 1850, -911.32, "B", "SMD", "C1N", "", "R", 70.87, 66.93, 0, 270],
		[17, "D3_1", 1845, -178.68, "B", "SMD", "VCCOUT", "", "R", 70.87, 66.93, 0, 270],
		[18, "D3_2", 1845, -351.32, "B", "SMD", "C2N", "", "R", 70.87, 66.93, 0, 270],
		[19, "J1_1", 570, -80, "T", "DIP", "MISO", "", "R", 70.87, 70.87, 41.34, 180],
		[20, "J1_1", 570, -80, "B", "DIP", "MISO", "", "R", 70.87, 70.87, 41.34, 180],
		[21, "J1_2", 570, -180, "T", "DIP", "+5V", "", "C", 70.87, 70.87, 41.34, 180],
		[22, "J1_2", 570, -180, "B", "DIP", "+5V", "", "C", 70.87, 70.87, 41.34, 180],
		[23, "J1_3", 470, -80, "T", "DIP", "SCK", "", "C", 70.87, 70.87, 41.34, 180],
		[24, "J1_3", 470, -80, "B", "DIP", "SCK", "", "C", 70.87, 70.87, 41.34, 180],
		[25, "J1_4", 470, -180, "T", "DIP", "MOSI", "", "C", 70.87, 70.87, 41.34, 180],
		[26, "J1_4", 470, -180, "B", "DIP", "MOSI", "", "C", 70.87, 70.87, 41.34, 180],
		[27, "J1_5", 370, -80, "T", "DIP", "RESET", "", "C", 70.87, 70.87, 41.34, 180],
		[28, "J1_5", 370, -80, "B", "DIP", "RESET", "", "C", 70.87, 70.87, 41.34, 180],
		[29, "J1_6", 370, -180, "T", "DIP", "GND", "GND", "C", 70.87, 70.87, 41.34, 180],
		[30, "J1_6", 370, -180, "B", "DIP", "GND", "GND", "C", 70.87, 70.87, 41.34, 180],
		[31, "Q1_1", 1733.63, -872.6, "B", "SMD", "$1N6328", "", "R", 42.13, 23.62, 0, 0],
		[32, "Q1_2", 1733.63, -947.4, "B", "SMD", "GND", "GND", "R", 42.13, 23.62, 0, 0],
		[33, "Q1_3", 1636.38, -910, "B", "SMD", "C1N", "", "R", 42.13, 23.62, 0, 0],
		[34, "Q2_1", 1728.63, -312.6, "B", "SMD", "$1N6320", "", "R", 42.13, 23.62, 0, 0],
		[35, "Q2_2", 1728.63, -387.4, "B", "SMD", "GND", "GND", "R", 42.13, 23.62, 0, 0],
		[36, "Q2_3", 1631.38, -350, "B", "SMD", "C2N", "", "R", 42.13, 23.62, 0, 0],
		[37, "R1_1", 1670.34, -240, "B", "SMD", "D6", "", "R", 31.75, 34.02, 0, 0],
		[38, "R1_2", 1729.66, -240, "B", "SMD", "$1N6320", "", "R", 31.75, 34.02, 0, 0],
		[39, "R2_1", 1724.66, -450, "B", "SMD", "GND", "GND", "R", 31.75, 34.02, 0, 180],
		[40, "R2_2", 1665.34, -450, "B", "SMD", "$1N6320", "", "R", 31.75, 34.02, 0, 180],
		[41, "R3_1", 1675.34, -805, "B", "SMD", "D5", "", "R", 31.75, 34.02, 0, 0],
		[42, "R3_2", 1734.66, -805, "B", "SMD", "$1N6328", "", "R", 31.75, 34.02, 0, 0],
		[43, "R4_1", 1729.66, -1015, "B", "SMD", "GND", "GND", "R", 31.75, 34.02, 0, 180],
		[44, "R4_2", 1670.34, -1015, "B", "SMD", "$1N6328", "", "R", 31.75, 34.02, 0, 180],
		[45, "R5_1", 715.34, -635, "T", "SMD", "GND", "GND", "R", 31.75, 34.02, 0, 0],
		[46, "R5_2", 774.66, -635, "T", "SMD", "D2", "", "R", 31.75, 34.02, 0, 0],
		[47, "R6_1", 750.34, -700, "T", "SMD", "GND", "GND", "R", 31.75, 34.02, 0, 0],
		[48, "R6_2", 809.66, -700, "T", "SMD", "D3", "", "R", 31.75, 34.02, 0, 0],
		[49, "RLY1_1", 1980, -269.95, "T", "DIP", "M2OUT", "", "C", 98.42, 98.42, 62.99, 180],
		[50, "RLY1_1", 1980, -269.95, "B", "DIP", "M2OUT", "", "C", 98.42, 98.42, 62.99, 180],
		[51, "RLY1_2", 1881.6, -73.15, "T", "DIP", "VCCOUT", "", "C", 98.42, 98.42, 62.99, 180],
		[52, "RLY1_2", 1881.6, -73.15, "B", "DIP", "VCCOUT", "", "C", 98.42, 98.42, 62.99, 180],
		[53, "RLY1_3", 1480, -73.15, "T", "DIP", "VCCOUT", "", "C", 98.42, 98.42, 62.99, 180],
		[54, "RLY1_3", 1480, -73.15, "B", "DIP", "VCCOUT", "", "C", 98.42, 98.42, 62.99, 180],
		[55, "RLY1_4", 1480, -466.85, "T", "DIP", "GND", "GND", "C", 98.42, 98.42, 62.99, 180],
		[56, "RLY1_4", 1480, -466.85, "B", "DIP", "GND", "GND", "C", 98.42, 98.42, 62.99, 180],
		[57, "RLY1_5", 1881.6, -466.85, "T", "DIP", "C2N", "", "C", 98.42, 98.42, 62.99, 180],
		[58, "RLY1_5", 1881.6, -466.85, "B", "DIP", "C2N", "", "C", 98.42, 98.42, 62.99, 180],
		[59, "RLY2_1", 1980, -829.95, "T", "DIP", "M1OUT", "", "C", 98.42, 98.42, 62.99, 180],
		[60, "RLY2_1", 1980, -829.95, "B", "DIP", "M1OUT", "", "C", 98.42, 98.42, 62.99, 180],
		[61, "RLY2_2", 1881.6, -633.15, "T", "DIP", "VCCOUT", "", "C", 98.42, 98.42, 62.99, 180],
		[62, "RLY2_2", 1881.6, -633.15, "B", "DIP", "VCCOUT", "", "C", 98.42, 98.42, 62.99, 180],
		[63, "RLY2_3", 1480, -633.15, "T", "DIP", "VCCOUT", "", "C", 98.42, 98.42, 62.99, 180],
		[64, "RLY2_3", 1480, -633.15, "B", "DIP", "VCCOUT", "", "C", 98.42, 98.42, 62.99, 180],
		[65, "RLY2_4", 1480, -1026.85, "T", "DIP", "GND", "GND", "C", 98.42, 98.42, 62.99, 180],
		[66, "RLY2_4", 1480, -1026.85, "B", "DIP", "GND", "GND", "C", 98.42, 98.42, 62.99, 180],
		[67, "RLY2_5", 1881.6, -1026.85, "T", "DIP", "C1N", "", "C", 98.42, 98.42, 62.99, 180],
		[68, "RLY2_5", 1881.6, -1026.85, "B", "DIP", "C1N", "", "C", 98.42, 98.42, 62.99, 180],
		[69, "U1_1", 924.76, -702, "T", "SMD", "D3", "", "O", 17.72, 64.96, 0, 180],
		[70, "U1_2", 956.26, -702, "T", "SMD", "U1_2", "", "O", 17.72, 64.96, 0, 180],
		[71, "U1_3", 987.76, -702, "T", "SMD", "GND", "GND", "O", 17.72, 64.96, 0, 180],
		[72, "U1_4", 1019.25, -702, "T", "SMD", "+5V", "", "O", 17.72, 64.96, 0, 180],
		[73, "U1_5", 1050.75, -702, "T", "SMD", "GND", "GND", "O", 17.72, 64.96, 0, 180],
		[74, "U1_6", 1082.24, -702, "T", "SMD", "+5V", "", "O", 17.72, 64.96, 0, 180],
		[75, "U1_7", 1113.74, -702, "T", "SMD", "U1_7", "", "O", 17.72, 64.96, 0, 180],
		[76, "U1_8", 1145.24, -702, "T", "SMD", "U1_8", "", "O", 17.72, 64.96, 0, 180],
		[77, "U1_9", 1207.5, -640.24, "T", "SMD", "D5", "", "O", 64.96, 17.72, 0, 180],
		[78, "U1_10", 1207.5, -608.74, "T", "SMD", "D6", "", "O", 64.96, 17.72, 0, 180],
		[79, "U1_11", 1207.5, -577.24, "T", "SMD", "U1_11", "", "O", 64.96, 17.72, 0, 180],
		[80, "U1_12", 1207.5, -545.75, "T", "SMD", "U1_12", "", "O", 64.96, 17.72, 0, 180],
		[81, "U1_13", 1207.5, -514.25, "T", "SMD", "U1_13", "", "O", 64.96, 17.72, 0, 180],
		[82, "U1_14", 1207.5, -482.76, "T", "SMD", "U1_14", "", "O", 64.96, 17.72, 0, 180],
		[83, "U1_15", 1207.5, -451.26, "T", "SMD", "MOSI", "", "O", 64.96, 17.72, 0, 180],
		[84, "U1_16", 1207.5, -419.76, "T", "SMD", "MISO", "", "O", 64.96, 17.72, 0, 180],
		[85, "U1_17", 1145.24, -358, "T", "SMD", "SCK", "", "O", 17.72, 64.96, 0, 180],
		[86, "U1_18", 1113.74, -358, "T", "SMD", "+5V", "", "O", 17.72, 64.96, 0, 180],
		[87, "U1_19", 1082.24, -358, "T", "SMD", "U1_19", "", "O", 17.72, 64.96, 0, 180],
		[88, "U1_20", 1050.75, -358, "T", "SMD", "$1N13683", "", "O", 17.72, 64.96, 0, 180],
		[89, "U1_21", 1019.25, -358, "T", "SMD", "GND", "GND", "O", 17.72, 64.96, 0, 180],
		[90, "U1_22", 987.76, -358, "T", "SMD", "U1_22", "", "O", 17.72, 64.96, 0, 180],
		[91, "U1_23", 956.26, -358, "T", "SMD", "U1_23", "", "O", 17.72, 64.96, 0, 180],
		[92, "U1_24", 924.76, -358, "T", "SMD", "A1", "", "O", 17.72, 64.96, 0, 180],
		[93, "U1_25", 862.5, -419.76, "T", "SMD", "U1_25", "", "O", 64.96, 17.72, 0, 180],
		[94, "U1_26", 862.5, -451.26, "T", "SMD", "U1_26", "", "O", 64.96, 17.72, 0, 180],
		[95, "U1_27", 862.5, -482.76, "T", "SMD", "U1_27", "", "O", 64.96, 17.72, 0, 180],
		[96, "U1_28", 862.5, -514.25, "T", "SMD", "U1_28", "", "O", 64.96, 17.72, 0, 180],
		[97, "U1_29", 862.5, -545.75, "T", "SMD", "RESET", "", "O", 64.96, 17.72, 0, 180],
		[98, "U1_30", 862.5, -577.24, "T", "SMD", "U1_30", "", "O", 64.96, 17.72, 0, 180],
		[99, "U1_31", 862.5, -608.74, "T", "SMD", "U1_31", "", "O", 64.96, 17.72, 0, 180],
		[100, "U1_32", 862.5, -640.24, "T", "SMD", "D2", "", "O", 64.96, 17.72, 0, 180],
		[101, "U2_1", 1280, -476.46, "B", "SMD", "VCCOUT", "", "R", 23.62, 70.87, 0, 180],
		[102, "U2_2", 1230, -476.46, "B", "SMD", "VCCOUT", "", "R", 23.62, 70.87, 0, 180],
		[103, "U2_3", 1180, -476.46, "B", "SMD", "VCC", "", "R", 23.62, 70.87, 0, 180],
		[104, "U2_4", 1130, -476.46, "B", "SMD", "VCC", "", "R", 23.62, 70.87, 0, 180],
		[105, "U2_5", 1130, -283.54, "B", "SMD", "GND", "GND", "R", 23.62, 70.87, 0, 0],
		[106, "U2_6", 1180, -283.54, "B", "SMD", "$1N6487", "", "R", 23.62, 70.87, 0, 0],
		[107, "U2_7", 1230, -283.54, "B", "SMD", "A1", "", "R", 23.62, 70.87, 0, 0],
		[108, "U2_8", 1280, -283.54, "B", "SMD", "+5V", "", "R", 23.62, 70.87, 0, 0],
		[109, "U3_1", 883.39, -814.45, "T", "SMD", "GND", "GND", "R", 97.24, 38.58, 0, 180],
		[110, "U3_2", 883.39, -905, "T", "SMD", "+5V", "", "R", 97.24, 38.58, 0, 180],
		[111, "U3_3", 883.39, -995.55, "T", "SMD", "$1N10745", "", "R", 97.24, 38.58, 0, 180],
		[112, "U3_4", 1106.61, -905, "T", "SMD", "+5V", "", "R", 97.24, 141.73, 0, 180],
		[113, "U4_1", 1291.61, -849.45, "B", "SMD", "GND", "GND", "R", 97.24, 38.58, 0, 0],
		[114, "U4_2", 1291.61, -940, "B", "SMD", "D2", "", "R", 97.24, 38.58, 0, 0],
		[115, "U4_3", 1291.61, -1030.55, "B", "SMD", "M1IN", "", "R", 97.24, 38.58, 0, 0],
		[116, "U4_4", 1068.39, -940, "B", "SMD", "D2", "", "R", 97.24, 141.73, 0, 0],
		[117, "U5_1", 828.68, -844.45, "B", "SMD", "GND", "GND", "R", 97.24, 38.58, 0, 0],
		[118, "U5_2", 828.68, -935, "B", "SMD", "D3", "", "R", 97.24, 38.58, 0, 0],
		[119, "U5_3", 828.68, -1025.55, "B", "SMD", "M2IN", "", "R", 97.24, 38.58, 0, 0],
		[120, "U5_4", 605.46, -935, "B", "SMD", "D3", "", "R", 97.24, 141.73, 0, 0],
		[121, "U6_1", 376.73, -394.64, "T", "DIP", "M2IN", "", "R", 110.24, 110.24, 68.9, 270],
		[122, "U6_1", 376.73, -394.64, "B", "DIP", "M2IN", "", "R", 110.24, 110.24, 68.9, 270],
		[123, "U6_2", 593.26, -394.65, "T", "DIP", "M2OUT", "", "C", 110.24, 110.24, 68.9, 270],
		[124, "U6_2", 593.26, -394.65, "B", "DIP", "M2OUT", "", "C", 110.24, 110.24, 68.9, 270],
		[125, "U6_3", 376.74, -560, "T", "DIP", "M1IN", "", "C", 110.24, 110.24, 68.9, 270],
		[126, "U6_3", 376.74, -560, "B", "DIP", "M1IN", "", "C", 110.24, 110.24, 68.9, 270],
		[127, "U6_4", 593.26, -560, "T", "DIP", "M1OUT", "", "C", 110.24, 110.24, 68.9, 270],
		[128, "U6_4", 593.26, -560, "B", "DIP", "M1OUT", "", "C", 110.24, 110.24, 68.9, 270],
		[129, "U6_5", 376.73, -725.36, "T", "DIP", "GND", "GND", "C", 110.24, 110.24, 68.9, 270],
		[130, "U6_5", 376.73, -725.36, "B", "DIP", "GND", "GND", "C", 110.24, 110.24, 68.9, 270],
		[131, "U6_6", 593.26, -725.36, "T", "DIP", "VCC", "", "C", 110.24, 110.24, 68.9, 270],
		[132, "U6_6", 593.26, -725.36, "B", "DIP", "VCC", "", "C", 110.24, 110.24, 68.9, 270]
	]
}
}