{
"lengthUnit": "mil",
"components": {
	"fields": ["COMPONENT_NO", "COMPONENT_NAME", "LAYER", "X_COORDINATE", "Y_COORDINATE", "ANGLE"],
	"rows": [
		[1, "C1", "T", 1373.34, 524.47, 0],
		[2, "C2", "B", 1272.07, 915, 0],
		[3, "C3", "B", 1035.84, 115.59, 0],
		[4, "C4", "B", 741.03, 113.97, 0],
		[5, "C5", "B", 839.7, 1042.22, 270],
		[6, "C6", "B", 740, 1040, 270],
		[7, "D1", "T", 1345, 630, 0],
		[8, "D2", "T", 537.5, 802.8, 180],
		[9, "D3", "T", 220, 800, 180],
		[10, "J1", "T", 1375, 305, 270],
		[11, "J2", "T", 1525, 812.2, 270],
		[12, "LED1", "T", 775, 605, 270],
		[13, "Q1", "T", 375, 1015, 90],
		[14, "Q2", "T", 85, 1005, 90],
		[15, "R1", "T", 840, 700, 180],
		[16, "R2", "T", 520, 960, 0],
		[17, "R3", "T", 206.47, 961.74, 0],
		[18, "R4", "T", 521.21, 908.92, 0],
		[19, "R5", "T", 206.21, 904.47, 0],
		[20, "R6", "T", 105, 425, 180],
		[21, "R7", "T", 180, 205, 90],
		[22, "RELAY1", "B", 365, 805, 270],
		[23, "SW1", "T", 40.5, 40.67, 0],
		[24, "U1", "B", 255, 240, 0],
		[25, "U2", "T", 815, 880, 0],
		[26, "U3", "B", 1097.07, 915, 0],
		[27, "U4", "B", 987.65, 247.35, 270],
		[28, "U5", "B", 696.03, 248.97, 270]
	]
},
"pins": {
	"fields": ["PIN_NO", "PIN_NAME", "PIN_X", "PIN_Y", "LAYER", "PIN_TYPE", "NET_NAME", "NET_TYPE", "PAD_SHAPE", "PAD_SIZEX", "PAD_SIZEY", "HOLE_SIZE", "PAD_ANGLE"],
	"rows": [
		[1, "C1_1", 1332.79, 524.47, "T", "SMD", "$1N3335", "", "R", 55.51, 53.15, 0, 0],
		[2, "C1_2", 1413.89, 524.47, "T", "SMD", "GND", "GND", "R", 55.51, 53.15, 0, 0],
		[3, "C2_1", 1244.5, 915, "B", "SMD", "+5V", "", "R", 31.5, 35.43, 0, 0],
		[4, "C2_2", 1299.63, 915, "B", "SMD", "GND", "GND", "R", 31.5, 35.43, 0, 0],
		[5, "C3_1", 1008.28, 115.59, "B", "SMD", "D2", "", "R", 31.5, 35.43, 0, 0],
		[6, "C3_2", 1063.4, 115.59, "B", "SMD", "GND", "GND", "R", 31.5, 35.43, 0, 0],
		[7, "C4_1", 713.47, 113.97, "B", "SMD", "D3", "", "R", 31.5, 35.43, 0, 0],
		[8, "C4_2", 768.59, 113.97, "B", "SMD", "GND", "GND", "R", 31.5, 35.43, 0, 0],
		[9, "C5_1", 839.7, 1063.68, "B", "SMD", "GND", "GND", "R", 31.11, 21.26, 0, 270],
		[10, "C5_2", 839.7, 1020.76, "B", "SMD", "$1N6487", "", "R", 31.11, 21.26, 0, 270],
		[11, "C6_1", 740, 1061.46, "B", "SMD", "GND", "GND", "R", 31.11, 21.26, 0, 270],
		[12, "C6_2", 740, 1018.54, "B", "SMD", "+5V", "", "R", 31.11, 21.26, 0, 270],
		[13, "D1_1", 1258.68, 630, "T", "SMD", "VCC", "", "R", 70.87, 66.93, 0, 0],
		[14, "D1_2", 1431.32, 630, "T", "SMD", "VCC", "", "R", 70.87, 66.93, 0, 0],
		[15, "D2_1", 623.82, 802.8, "T", "SMD", "VCCOUT", "", "R", 70.87, 66.93, 0, 180],
		[16, "D2_2", 451.18, 802.8, "T", "SMD", "C1N", "", "R", 70.87, 66.93, 0, 180],
		[17, "D3_1", 306.32, 800, "T", "SMD", "VCCOUT", "", "R", 70.87, 66.93, 0, 180],
		[18, "D3_2", 133.68, 800, "T", "SMD", "C2N", "", "R", 70.87, 66.93, 0, 180],
		[19, "J1_1", 1325, 405, "T", "DIP", "MISO", "", "R", 70.87, 70.87, 41.34, 270],
		[20, "J1_1", 1325, 405, "B", "DIP", "MISO", "", "R", 70.87, 70.87, 41.34, 270],
		[21, "J1_2", 1425, 405, "T", "DIP", "+5V", "", "C", 70.87, 70.87, 41.34, 270],
		[22, "J1_2", 1425, 405, "B", "DIP", "+5V", "", "C", 70.87, 70.87, 41.34, 270],
		[23, "J1_3", 1325, 305, "T", "DIP", "SCK", "", "C", 70.87, 70.87, 41.34, 270],
		[24, "J1_3", 1325, 305, "B", "DIP", "SCK", "", "C", 70.87, 70.87, 41.34, 270],
		[25, "J1_4", 1425, 305, "T", "DIP", "MOSI", "", "C", 70.87, 70.87, 41.34, 270],
		[26, "J1_4", 1425, 305, "B", "DIP", "MOSI", "", "C", 70.87, 70.87, 41.34, 270],
		[27, "J1_5", 1325, 205, "T", "DIP", "RESET", "", "C", 70.87, 70.87, 41.34, 270],
		[28, "J1_5", 1325, 205, "B", "DIP", "RESET", "", "C", 70.87, 70.87, 41.34, 270],
		[29, "J1_6", 1425, 205, "T", "DIP", "GND", "GND", "C", 70.87, 70.87, 41.34, 270],
		[30, "J1_6", 1425, 205, "B", "DIP", "GND", "GND", "C", 70.87, 70.87, 41.34, 270],
		[31, "J2_1", 1710, 812.76, "T", "DIP", "SW1", "", "C", 98.43, 98.43, 55.12, 270],
		[32, "J2_1", 1710, 812.76, "B", "DIP", "SW1", "", "C", 98.43, 98.43, 55.12, 270],
		[33, "J2_2", 1710, 362.2, "T", "DIP", "IN", "", "C", 98.43, 98.43, 55.12, 270],
		[34, "J2_2", 1710, 362.2, "B", "DIP", "IN", "", "C", 98.43, 98.43, 55.12, 270],
		[35, "J2_3", 1525, 812.2, "T", "DIP", "M1", "", "C", 98.43, 98.43, 55.12, 270],
		[36, "J2_3", 1525, 812.2, "B", "DIP", "M1", "", "C", 98.43, 98.43, 55.12, 270],
		[37, "J2_4", 1525, 507.2, "T", "DIP", "GND", "GND", "C", 98.43, 98.43, 55.12, 270],
		[38, "J2_4", 1525, 507.2, "B", "DIP", "GND", "GND", "C", 98.43, 98.43, 55.12, 270],
		[39, "J2_5", 1525, 662.2, "T", "DIP", "VCC", "", "C", 98.43, 98.43, 55.12, 270],
		[40, "J2_5", 1525, 662.2, "B", "DIP", "VCC", "", "C", 98.43, 98.43, 55.12, 270],
		[41, "J2_6", 1525, 359.17, "T", "DIP", "M2", "", "C", 98.43, 98.43, 55.12, 270],
		[42, "J2_6", 1525, 359.17, "B", "DIP", "M2", "", "C", 98.43, 98.43, 55.12, 270],
		[43, "LED1_1", 774.87, 649.92, "T", "SMD", "$1N1636", "", "R", 78.74, 78.74, 0, 0],
		[44, "LED1_2", 775.13, 551.5, "T", "SMD", "GND", "GND", "R", 78.74, 78.74, 0, 0],
		[45, "Q1_1", 412.4, 1063.63, "T", "SMD", "$1N6328", "", "R", 42.13, 23.62, 0, 90],
		[46, "Q1_2", 337.6, 1063.63, "T", "SMD", "GND", "GND", "R", 42.13, 23.62, 0, 90],
		[47, "Q1_3", 375, 966.38, "T", "SMD", "C1N", "", "R", 42.13, 23.62, 0, 90],
		[48, "Q2_1", 122.4, 1053.63, "T", "SMD", "$1N6320", "", "R", 42.13, 23.62, 0, 90],
		[49, "Q2_2", 47.6, 1053.63, "T", "SMD", "GND", "GND", "R", 42.13, 23.62, 0, 90],
		[50, "Q2_3", 85, 956.38, "T", "SMD", "C2N", "", "R", 42.13, 23.62, 0, 90],
		[51, "R1_1", 872.05, 700, "T", "SMD", "VCC", "", "R", 31.73, 34.02, 0, 180],
		[52, "R1_2", 807.24, 699.61, "T", "SMD", "$1N1636", "", "R", 31.73, 34.02, 0, 180],
		[53, "R2_1", 490.34, 960, "T", "SMD", "D5", "", "R", 31.75, 34.02, 0, 0],
		[54, "R2_2", 549.66, 960, "T", "SMD", "$1N6328", "", "R", 31.75, 34.02, 0, 0],
		[55, "R3_1", 176.81, 961.74, "T", "SMD", "D6", "", "R", 31.75, 34.02, 0, 0],
		[56, "R3_2", 236.13, 961.74, "T", "SMD", "$1N6320", "", "R", 31.75, 34.02, 0, 0],
		[57, "R4_1", 491.55, 908.92, "T", "SMD", "GND", "GND", "R", 31.75, 34.02, 0, 0],
		[58, "R4_2", 550.87, 908.92, "T", "SMD", "$1N6328", "", "R", 31.75, 34.02, 0, 0],
		[59, "R5_1", 176.55, 904.47, "T", "SMD", "GND", "GND", "R", 31.75, 34.02, 0, 0],
		[60, "R5_2", 235.87, 904.47, "T", "SMD", "$1N6320", "", "R", 31.75, 34.02, 0, 0],
		[61, "R6_1", 134.66, 425, "T", "SMD", "GND", "GND", "R", 31.75, 34.02, 0, 180],
		[62, "R6_2", 75.34, 425, "T", "SMD", "D2", "", "R", 31.75, 34.02, 0, 180],
		[63, "R7_1", 180, 175.34, "T", "SMD", "GND", "GND", "R", 31.75, 34.02, 0, 90],
		[64, "R7_2", 180, 234.66, "T", "SMD", "D3", "", "R", 31.75, 34.02, 0, 90],
		[65, "RELAY1_C1N", 435.87, 714.45, "T", "DIP", "C1N", "", "C", 59.05, 59.05, 39.37, 90],
		[66, "RELAY1_C1N", 435.87, 714.45, "B", "DIP", "C1N", "", "C", 59.05, 59.05, 39.37, 90],
		[67, "RELAY1_C1P", 624.85, 714.45, "T", "DIP", "VCCOUT", "", "C", 59.05, 59.05, 39.37, 90],
		[68, "RELAY1_C1P", 624.85, 714.45, "B", "DIP", "VCCOUT", "", "C", 59.05, 59.05, 39.37, 90],
		[69, "RELAY1_C2N", 112.8, 714.45, "T", "DIP", "C2N", "", "C", 59.05, 59.05, 39.37, 90],
		[70, "RELAY1_C2N", 112.8, 714.45, "B", "DIP", "C2N", "", "C", 59.05, 59.05, 39.37, 90],
		[71, "RELAY1_C2P", 302.01, 714.45, "T", "DIP", "VCCOUT", "", "C", 59.05, 59.05, 39.37, 90],
		[72, "RELAY1_C2P", 302.01, 714.45, "B", "DIP", "VCCOUT", "", "C", 59.05, 59.05, 39.37, 90],
		[73, "RELAY1_GND", 207.52, 556.97, "T", "DIP", "GND", "GND", "C", 88.58, 88.58, 59.06, 90],
		[74, "RELAY1_GND", 207.52, 556.97, "B", "DIP", "GND", "GND", "C", 88.58, 88.58, 59.06, 90],
		[75, "RELAY1_NC", 207.52, 1045.16, "T", "DIP", "M2", "", "C", 88.58, 88.58, 59.06, 90],
		[76, "RELAY1_NC", 207.52, 1045.16, "B", "DIP", "M2", "", "C", 88.58, 88.58, 59.06, 90],
		[77, "RELAY1_NO", 530.35, 1045.16, "T", "DIP", "M1", "", "C", 88.58, 88.58, 59.06, 90],
		[78, "RELAY1_NO", 530.35, 1045.16, "B", "DIP", "M1", "", "C", 88.58, 88.58, 59.06, 90],
		[79, "RELAY1_VCC", 530.36, 556.97, "T", "DIP", "VCCOUT", "", "C", 88.58, 88.58, 59.06, 90],
		[80, "RELAY1_VCC", 530.36, 556.97, "B", "DIP", "VCCOUT", "", "C", 88.58, 88.58, 59.06, 90],
		[81, "SW1_GND", 975.5, 320.67, "T", "SMD", "GND", "GND", "P", 98.82, 120, 0, 0],
		[82, "SW1_IN", 1155.5, 320.67, "T", "SMD", "IN", "", "P", 197.1, 120, 0, 0],
		[83, "SW1_SW1", 590.3, 284.96, "T", "SMD", "SW1", "", "P", 156.27, 199.3, 0, 0],
		[84, "SW1_SW2", 1025.5, 214.52, "T", "SMD", "SW2", "", "P", 471.06, 200, 0, 0],
		[85, "SW1_VCC1", 592.42, 100.86, "T", "SMD", "VCC", "", "P", 157.15, 120.39, 0, 0],
		[86, "SW1_VCC2", 840.59, 100.67, "T", "SMD", "VCC", "", "P", 99.99, 120, 0, 0],
		[87, "U1_1", 144.76, 412, "B", "SMD", "D3", "", "O", 17.72, 64.96, 0, 180],
		[88, "U1_2", 176.26, 412, "B", "SMD", "U1_2", "", "O", 17.72, 64.96, 0, 180],
		[89, "U1_3", 207.76, 412, "B", "SMD", "GND", "GND", "O", 17.72, 64.96, 0, 180],
		[90, "U1_4", 239.25, 412, "B", "SMD", "+5V", "", "O", 17.72, 64.96, 0, 180],
		[91, "U1_5", 270.75, 412, "B", "SMD", "GND", "GND", "O", 17.72, 64.96, 0, 180],
		[92, "U1_6", 302.24, 412, "B", "SMD", "+5V", "", "O", 17.72, 64.96, 0, 180],
		[93, "U1_7", 333.74, 412, "B", "SMD", "U1_7", "", "O", 17.72, 64.96, 0, 180],
		[94, "U1_8", 365.24, 412, "B", "SMD", "U1_8", "", "O", 17.72, 64.96, 0, 180],
		[95, "U1_9", 427.5, 350.24, "B", "SMD", "D5", "", "O", 64.96, 17.72, 0, 180],
		[96, "U1_10", 427.5, 318.74, "B", "SMD", "D6", "", "O", 64.96, 17.72, 0, 180],
		[97, "U1_11", 427.5, 287.24, "B", "SMD", "U1_11", "", "O", 64.96, 17.72, 0, 180],
		[98, "U1_12", 427.5, 255.75, "B", "SMD", "U1_12", "", "O", 64.96, 17.72, 0, 180],
		[99, "U1_13", 427.5, 224.25, "B", "SMD", "U1_13", "", "O", 64.96, 17.72, 0, 180],
		[100, "U1_14", 427.5, 192.76, "B", "SMD", "U1_14", "", "O", 64.96, 17.72, 0, 180],
		[101, "U1_15", 427.5, 161.26, "B", "SMD", "MOSI", "", "O", 64.96, 17.72, 0, 180],
		[102, "U1_16", 427.5, 129.76, "B", "SMD", "MISO", "", "O", 64.96, 17.72, 0, 180],
		[103, "U1_17", 365.24, 68, "B", "SMD", "SCK", "", "O", 17.72, 64.96, 0, 180],
		[104, "U1_18", 333.74, 68, "B", "SMD", "+5V", "", "O", 17.72, 64.96, 0, 180],
		[105, "U1_19", 302.24, 68, "B", "SMD", "U1_19", "", "O", 17.72, 64.96, 0, 180],
		[106, "U1_20", 270.75, 68, "B", "SMD", "$1N3335", "", "O", 17.72, 64.96, 0, 180],
		[107, "U1_21", 239.25, 68, "B", "SMD", "GND", "GND", "O", 17.72, 64.96, 0, 180],
		[108, "U1_22", 207.76, 68, "B", "SMD", "U1_22", "", "O", 17.72, 64.96, 0, 180],
		[109, "U1_23", 176.26, 68, "B", "SMD", "U1_23", "", "O", 17.72, 64.96, 0, 180],
		[110, "U1_24", 144.76, 68, "B", "SMD", "A1", "", "O", 17.72, 64.96, 0, 180],
		[111, "U1_25", 82.5, 129.76, "B", "SMD", "U1_25", "", "O", 64.96, 17.72, 0, 180],
		[112, "U1_26", 82.5, 161.26, "B", "SMD", "U1_26", "", "O", 64.96, 17.72, 0, 180],
		[113, "U1_27", 82.5, 192.76, "B", "SMD", "U1_27", "", "O", 64.96, 17.72, 0, 180],
		[114, "U1_28", 82.5, 224.25, "B", "SMD", "U1_28", "", "O", 64.96, 17.72, 0, 180],
		[115, "U1_29", 82.5, 255.75, "B", "SMD", "RESET", "", "O", 64.96, 17.72, 0, 180],
		[116, "U1_30", 82.5, 287.24, "B", "SMD", "U1_30", "", "O", 64.96, 17.72, 0, 180],
		[117, "U1_31", 82.5, 318.74, "B", "SMD", "U1_31", "", "O", 64.96, 17.72, 0, 180],
		[118, "U1_32", 82.5, 350.24, "B", "SMD", "D2", "", "O", 64.96, 17.72, 0, 180],
		[119, "U2_1", 740, 783.54, "T", "SMD", "VCCOUT", "", "R", 23.62, 70.87, 0, 0],
		[120, "U2_2", 790, 783.54, "T", "SMD", "VCCOUT", "", "R", 23.62, 70.87, 0, 0],
		[121, "U2_3", 840, 783.54, "T", "SMD", "VCC", "", "R", 23.62, 70.87, 0, 0],
		[122, "U2_4", 890, 783.54, "T", "SMD", "VCC", "", "R", 23.62, 70.87, 0, 0],
		[123, "U2_5", 890, 976.46, "T", "SMD", "GND", "GND", "R", 23.62, 70.87, 0, 180],
		[124, "U2_6", 840, 976.46, "T", "SMD", "$1N6487", "", "R", 23.62, 70.87, 0, 180],
		[125, "U2_7", 790, 976.46, "T", "SMD", "A1", "", "R", 23.62, 70.87, 0, 180],
		[126, "U2_8", 740, 976.46, "T", "SMD", "+5V", "", "R", 23.62, 70.87, 0, 180],
		[127, "U3_1", 1208.68, 1005.55, "B", "SMD", "GND", "GND", "R", 97.24, 38.58, 0, 0],
		[128, "U3_2", 1208.68, 915, "B", "SMD", "+5V", "", "R", 97.24, 38.58, 0, 0],
		[129, "U3_3", 1208.68, 824.45, "B", "SMD", "VCC", "", "R", 97.24, 38.58, 0, 0],
		[130, "U3_4", 985.46, 915, "B", "SMD", "+5V", "", "R", 97.24, 141.73, 0, 0],
		[131, "U4_1", 1078.2, 135.74, "B", "SMD", "GND", "GND", "R", 97.24, 38.58, 0, 270],
		[132, "U4_2", 987.65, 135.74, "B", "SMD", "D2", "", "R", 97.24, 38.58, 0, 270],
		[133, "U4_3", 897.1, 135.74, "B", "SMD", "SW2", "", "R", 97.24, 38.58, 0, 270],
		[134, "U4_4", 987.65, 358.96, "B", "SMD", "D2", "", "R", 97.24, 141.73, 0, 270],
		[135, "U5_1", 786.58, 137.36, "B", "SMD", "GND", "GND", "R", 97.24, 38.58, 0, 270],
		[136, "U5_2", 696.03, 137.36, "B", "SMD", "D3", "", "R", 97.24, 38.58, 0, 270],
		[137, "U5_3", 605.48, 137.36, "B", "SMD", "SW1", "", "R", 97.24, 38.58, 0, 270],
		[138, "U5_4", 696.03, 360.58, "B", "SMD", "D3", "", "R", 97.24, 141.73, 0, 270]
	]
}
}